<?xml version="1.0" encoding="UTF-8"?>
<model xmlns="http://www.alfresco.org/model/dictionary/1.0" name="cusredact:Redact">
    <author>Demo User</author>
    <imports/>
    <namespaces>
        <namespace uri="http://www.alfresco.com/model/customredact/1.0" prefix="cusredact"/>
    </namespaces>
    <data-types/>
    <constraints/>
    <types/>
    <aspects>
        <aspect name="cusredact:autoredact">
            <title>Auto Redact</title>
            <properties/>
            <associations/>
            <overrides/>
            <mandatory-aspects/>
        </aspect>
    </aspects>
</model>